parkCode,visitors_2015,visitors_2016,visitors_2017,visitors_2018,visitors_2019,visitors_2020,visitors_2021,visitors_2022,visitors_2023,visitors_2024,visitors_2025
acad,2811184,3303393,3509271,3537575,3437286,2669034,4069098,3970260,3879890,3961661,4079318
arch,1399247,1585718,1539028,1663557,1659702,1238083,1806865,1460652,1482045,1466528,1511740
badl,989354,996263,1054325,1008942,970998,916932,1224226,1006809,1046400,1094245,1139361
bibe,381747,388290,440276,440091,463832,393907,581220,514107,509129,561458,568104
bisc,508164,514709,446961,469253,708522,402770,705655,701023,571242,512213,486567
blca,209166,238018,307143,308962,432818,341620,308910,297257,357069,335862,250086
brca,1745804,2365110,2571684,2679478,2594904,1464655,2104600,2354660,2461269,2498075,1967367
cany,634607,776218,742271,739449,733996,493914,911594,779147,800322,818492,796057
care,941029,1064904,1150165,1227627,1226519,981038,1405353,1227608,1268861,1422490,1388476
cave,445720,466773,520026,465912,440691,183835,349244,390932,394121,460474,410778
chis,324816,364807,383687,366250,409630,167290,319252,323245,328746,262581,227186
cong,87513,143843,159595,145929,159445,119306,215181,204522,250114,242049,287833
crla,614712,756344,711749,720659,704512,670500,647751,527259,559976,504942,632242
cuva,2284612,2423390,2226879,2096053,2237997,2755628,2575275,2913312,2860059,2912454,3025325
dena,560757,587412,642809,594660,601152,54850,229521,427562,498722,466227,543300
deva,1154843,1296283,1294827,1678660,1740945,820023,1146551,1128862,1099632,1440484,1320134
drto,70862,73661,54281,56810,79200,48543,83817,78488,84285,84873,89355
ever,1077427,930907,1018557,597124,1118300,702319,942130,1155193,810189,741983,778198
gaar,10745,10047,11177,9591,10518,2872,7362,9457,11045,11907,14923
glac,2366056,2946681,3305512,2965309,3049839,1698864,3081656,2908458,2933616,3208755,3136557
glba,551353,520171,547057,597915,672087,5748,89768,545758,703659,736282,740044
grba,116123,144846,168028,153094,131802,120248,144875,142115,143265,152068,161210
grca,5520736,5969811,6254238,6380495,5974411,2897098,4532677,4732101,4733705,4919163,4430653
grsa,299513,388308,486935,442905,527546,461532,602613,493428,512219,437661,432498
grsm,10712674,11312786,11338893,11421200,12547743,12095720,14161548,12937633,13297647,12191834,11527939
grte,3149921,3270076,3317000,3491151,3405614,3289638,3885230,2806223,3417106,3628222,3800648
gumo,169535,181839,225257,172347,188833,151256,243291,219987,227340,226134,206423
hale,1216772,1263558,1112390,1044084,994394,319147,853181,1087616,791292,732477,853711
havo,1832660,1887580,2016702,1116891,1368376,589775,1262747,1580961,1620294,1433593,1877854
hosp,1418162,1544300,1561616,1506887,1467153,1348215,2162884,2646133,2502967,2461812,2494611
indu,1640195,1698223,2158471,1756079,2134285,2293106,3177210,2834180,2765892,2705209,2629497
isro,18684,24966,28196,25798,26410,6493,25844,25454,28965,28806,29091
jeff,1698656,1271855,1398188,2016180,2055309,486021,1145081,1618774,2422836,2563052,2209028
jotr,2025756,2505286,2853619,2942382,2988547,2399542,3064400,3058294,3270404,2991874,2932644
katm,37818,37818,37818,37818,84167,51511,24764,33908,33763,36230,34479
kefj,296697,346534,303598,321596,356601,115882,411782,389943,387525,419468,425369
kova,0,15500,15500,14937,15766,11185,11540,16925,17616,17233,7786
lacl,17818,21102,22755,14479,17157,4948,18278,18187,16728,18505,19778
lavo,468092,536068,507256,499435,517039,542274,359635,446291,418978,357651,504777
maca,566895,586514,587853,533206,551590,290392,515774,663147,654450,747042,660734
meve,547325,583527,613788,563420,556203,287477,548477,499790,505194,480065,463130
mora,1237231,1356913,1415867,1518491,1501621,1160754,1670063,1622395,1674294,1620006,1635342
neri,1178753,1197931,1168658,1232627,1195721,1054374,1682720,1593523,1707223,1811937,1958440
noca,20677,28646,30326,30085,38208,30885,17855,30154,40351,16485,46925
npsa,13892,28892,69468,28626,60006,4819,8495,1887,12135,22567,43258
olym,3263761,3390221,3401996,3104455,3245806,2499177,2718925,2432972,2947503,3717267,3584187
pefo,793225,643274,627757,644922,643588,384483,590334,505209,520491,559254,315951
pinn,206533,215555,233334,222152,177224,165740,348857,275023,341220,354076,343208
redw,527143,536297,445000,482536,504722,265177,435879,458400,409105,622883,1202480
romo,4155916,4517585,4437215,4590493,4670053,3305199,4434848,4300424,4115837,4154349,4171431
sagu,753446,820426,964760,957405,1020226,762226,1079786,908194,1010906,946369,847749
seki,468106,607479,692932,699023,632110,415077,562918,640986,643065,699389,779791
shen,1321873,1437341,1458874,1264880,1425507,1666265,1592312,1449300,1576008,1720211,1682152
thro,580033,753880,708003,749389,691658,551303,796085,668679,746862,732951,729893
viis,438372,411343,304408,112287,133398,167540,323999,196752,343685,423029,471074
voya,238313,241912,237250,239656,232974,263091,243042,221434,220825,199030,206326
whsa,497506,555793,612468,603008,608785,415383,782469,705127,729096,702236,659742
wica,612198,617377,619924,656397,615350,448405,709001,607418,592459,489399,606258
wrst,80366,79047,68292,79450,74518,16655,50189,65236,78305,81670,108840
yell,4097710,4257177,4116524,4115000,4020288,3806306,4860242,3290242,4501382,4744353,4762988
yose,4150217,5028868,4336890,4009436,4422861,2268313,3287595,3667550,3897070,4121807,4278413
zion,3648846,4295127,4504812,4320033,4488268,3591254,5039835,4692417,4623238,4946592,4984525
