parkCode,Park Name,latitude,longitude,state,distance_from_la_miles
acad,Acadia,44.409286,-68.247501,ME,2724.920437213946
arch,Arches,38.72261844,-109.5863666,UT,579.2439063701397
badl,Badlands,43.68584846,-102.482942,SD,1074.7683288028647
bibe,Big Bend,29.29817767,-103.2297897,TX,940.8055327665016
bisc,Biscayne,25.490587,-80.21023851,FL,2342.0521509187092
blca,Black Canyon Of The Gunnison,38.57779869,-107.7242756,CO,663.3009713426926
brca,Bryce Canyon,37.58399144,-112.1826689,UT,418.01140027767593
cany,Canyonlands,38.24555783,-109.8801624,UT,548.9051245868544
care,Capitol Reef,38.2821653131,-111.247048378,UT,487.32312626516034
cave,Carlsbad Caverns,32.14089463,-104.5529688,NM,802.7589776698524
chis,Channel Islands,33.98680093,-119.9112735,CA,95.60512285686104
cong,Congaree,33.79187523,-80.74867805,SC,2137.5288172061937
crla,Crater Lake,42.94065854,-122.1338414,OR,648.9660766749929
cuva,Cuyahoga Valley,41.26093905,-81.57116722,OH,2050.6146088153146
deva,Death Valley,36.48753731,-117.134395,"CA,NV",179.52250945858617
dena,Denali,63.29777484,-151.0526568,AK,2459.450005096045
drto,Dry Tortugas,24.628741,-82.87319,FL,2215.158956320065
ever,Everglades,25.37294225,-80.88200301,FL,2307.0085731397735
gaar,Gates Of The Arctic,67.75961636,-153.2917758,AK,2708.0231646905763
jeff,Gateway Arch,38.6258069,-90.1892508,MO,1586.5652527325458
glba,Glacier Bay,58.80086718,-136.8407579,AK,1910.931282966114
glac,Glacier,48.68414678,-113.8009306,MT,1036.4264383505601
grca,Grand Canyon,36.0001165336,-112.121516363,AZ,371.53508543728856
grte,Grand Teton,43.81853565,-110.7054666,WY,786.2696851429998
grba,Great Basin,38.94617378,-114.2579782,NV,404.05883677469734
grsa,Great Sand Dunes,37.79256812,-105.5919572,CO,752.8345779931755
grsm,Great Smoky Mountains,35.60116374,-83.50818326,"NC,TN",1962.8337551725192
gumo,Guadalupe Mountains,31.92304462,-104.885527,TX,787.4188231101685
hale,Haleakalā,20.70693015,-156.1591775,HI,2484.758829594617
havo,Hawaiʻi Volcanoes,19.3355036,-155.4700257,HI,2494.8702189133587
hosp,Hot Springs,34.52414366,-93.06332936,AR,1434.1040695968575
indu,Indiana Dunes,41.63765525,-87.09647445,IN,1767.4164615198818
isro,Isle Royale,48.01145819,-88.82780657,MI,1794.498223389391
jotr,Joshua Tree,33.91418525,-115.8398125,CA,138.05227255340122
katm,Katmai,58.62235668,-155.0126574,AK,2387.2170690530347
kefj,Kenai Fjords,59.81804414,-150.106502,AK,2286.3418709390003
kova,Kobuk Valley,67.35631336,-159.2002293,AK,2814.866692477505
lacl,Lake Clark,60.57405857,-153.55535,AK,2413.3040007172567
lavo,Lassen Volcanic,40.49354575,-121.4075993,CA,477.75403270099235
maca,Mammoth Cave,37.19760458,-86.13090198,KY,1807.913472553283
meve,Mesa Verde,37.23908345,-108.4624032,CO,591.3239318330095
mora,Mount Rainier,46.86075416,-121.7043885,WA,903.2581209310022
npsa,National Park of American Samoa,-14.22865935,-169.8503777,AS,4755.704977216925
neri,New River Gorge,37.86878554,-80.99956002,WV,2085.6815701684654
noca,North Cascades,48.71171756,-121.2069423,WA,1024.2584606654975
olym,Olympic,47.80392754,-123.6663848,WA,990.7883230681592
pefo,Petrified Forest,34.98387664,-109.7877678,AZ,485.5286592369946
pinn,Pinnacles,36.49029208,-121.1813607,CA,236.27717176562624
redw,Redwood,41.37237268,-124.0318129,CA,596.2348550332375
romo,Rocky Mountain,40.3556924,-105.6972879,CO,815.1172502682705
sagu,Saguaro,32.20909636,-110.7574974,AZ,451.3635362742777
seki,Sequoia & Kings Canyon,36.71277299,-118.587429,CA,184.84639317943555
shen,Shenandoah,38.49236644,-78.46907715,VA,2219.4337228269283
thro,Theodore Roosevelt,47.17777274,-103.4300083,ND,1190.0529839274059
viis,Virgin Islands,18.34279656,-64.74194451,VI,3448.517392861524
voya,Voyageurs,48.48370609,-92.8382913,MN,1640.7227530760174
whsa,White Sands,32.77907858,-106.3333461,NM,692.1060180760041
wica,Wind Cave,43.58012365,-103.4394709,SD,1030.9601640325113
wrst,Wrangell - St Elias,61.4182147,-142.6028439,AK,2175.2388677567055
yell,Yellowstone,44.59824417,-110.5471695,"ID,MT,WY",835.8455410698386
yose,Yosemite,37.84883288,-119.5571873,CA,272.4090572401212
zion,Zion,37.29839254,-113.0265138,UT,368.7503662920939
